trial_type,stimulus,mean
ps,anchor,2.3912
ps,librosaps,2.752
ps,nmps,2.0608
ps,pvps,3.6171999999999995
tsm,anchor,2.7444
tsm,hps,2.4444
tsm,nm,2.516
tsm,pv,3.6719999999999997
tsm,tsmnet,2.0391999999999997
