type,metric,algo,factor,score
ps,decay_rate,PSOLA,12,1.8264995668758157
ps,decay_rate,PVPS,12,2.7468365731135003
ps,decay_rate,NMPS,12,2.3354173177349327
ps,mse,PSOLA,12,265.4648132324219
ps,mse,PVPS,12,105.79240417480469
ps,mse,NMPS,12,26.16611099243164
